,CV(%),RMSE,MAPE,R_square
civil,22.34902882794372,41.18342036227807,16.079705669190485,0.7644700193714657
south_tower,24.29015884689779,43.36405089457163,13.830029121494457,-0.1583732889890784
