,CV(%),RMSE,MAPE,R_square
civil,95.87066232717572,180.59045472004613,77.03992340181097,1.7119512336996956
south_tower,96.34851203052018,171.18187425544988,67.15033152231135,-3.0254009496477785
