,CV(%),RMSE,MAPE,R_square
civil,51.29115692601431,96.00320420603998,40.16208046906993,1.4273903591348893
south_tower,52.34651910866228,93.70119773700955,30.92396443511199,-0.1331082456877133
